"period","","price_w","area_m2"
"241","塘和家园桂花锦苑 2室1厅 71.79平米","199","71.79"
"223","凤凰小区 1室1厅 37.85平米","124","37.85"
"72","牡丹逸庭 2室1厅 71.36平米","203","71.36"
"65","普陀四村 1室1厅 32.03平米","176","32.03"
"45","和源名城 2室2厅 76.81平米","435","76.81"
"22","阳光威尼斯(四期)(公寓) 2室2厅 80.38平米","409","80.38"
"35","滨海一村 1室1厅 34平米","52","34"
"3","中环一号(一期) 3室2厅 107.25平米","530","107.25"
"165","长桥四村 2室1厅 56.34平米","307","56.34"
"26","惠康苑 1室1厅 59平米","140","59"
"35","沈家宅 1室1厅 43.32平米","227","43.32"
"228","宜川六村 1室0厅 38.15平米","180","38.15"
"254","祥东小区(虹口) 2室1厅 52.52平米","275","52.52"
"43","星河世纪广场 2房间1卫 56.53平米","128","56.53"
"217","虹康花苑(二期) 3室2厅 113平米","755","113"
"20","子长小区 1室1厅 41.24平米","165","41.24"
"4","翡翠公寓 3室2厅 134.57平米","630","134.57"
"170","天虹四村 2室1厅 65.27平米","175","65.27"
"135","塘和家园桂花锦苑 2室1厅 74.52平米","204","74.52"
"40","宜达新居 3室2厅 127.79平米","332","127.79"
"9","宜达新居 2室1厅 78.1平米","259","78.1"
"16","新理想花园 2室1厅 63.39平米","202","63.39"
"121","天和湖滨家园(公寓) 2室2厅 85.88平米","267","85.88"
"35","安东小区 2室1厅 41.45平米","234","41.45"
"88","徐泾北城欣沁苑 2室2厅 72平米","190","72"
"118","徐泾北城欣沁苑 2室2厅 71.98平米","227","71.98"
"81","双山小区 1室0厅 38.43平米","174","38.43"
"34","红旗五村 2室1厅 57.71平米","155","57.71"
"88","华润中央公园(浩翔路98弄) 3室2厅 128.93平米","636","128.93"
"28","北极星广场 2房间2卫 46.22平米","67","46.22"
"73","乐怡苑(普陀) 1室1厅 37.8平米","198","37.8"
"66","盈浦新村 2室2厅 82.55平米","268","82.55"
"248","武泰公寓 2室2厅 102.12平米","810","102.12"
"10","玉兰香苑(一期) 3室2厅 117.87平米","528","117.87"
"132","祁连二村 2室1厅 58.48平米","201","58.48"
"16","久耕小区 2室1厅 62.4平米","420","62.4"
"17","珠江香樟南园 2室2厅 97.79平米","733","97.79"
"81","宁强小区 2室1厅 53.52平米","372","53.52"
"66","华高一村 2室1厅 77.58平米","313","77.58"
"171","漕溪四村 2室1厅 62.89平米","401","62.89"
"168","三花现代城(一期丹桂苑) 1室1厅 67.71平米","355","67.71"
"120","奥林匹克花园 2室2厅 81.91平米","340","81.91"
"5","中环和乐苑 2室1厅 68.01平米","415","68.01"
"163","普育西路110号 2室1厅 64.37平米","455","64.37"
"16","东兰兴城(东兰新村) 2室1厅 89.39平米","432","89.39"
"1","金都花好悦园 3室1厅 119.23平米","481","119.23"
"19","静安新城四区 3室2厅 80.49平米","427","80.49"
"10","中虹家园 2室2厅 69.13平米","263","69.13"
"596","万顺水原墅(公寓) 2室2厅 85.77平米","289","85.77"
"23","龙柏四村 1室1厅 50.89平米","265","50.89"
"206","仁恒运杰河滨花园 3室2厅 132.86平米","366","132.86"
"218","浦发绿城西泰林路901弄 3室2厅 119.37平米","520","119.37"
"59","甘泉一村 2室1厅 44.69平米","202","44.69"
"1","解放新村 2室2厅 72.65平米","134","72.65"
"51","玉兰公寓 2室1厅 61平米","131","61"
"209","上海派 3室2厅 88平米","265","88"
"112","金沙雅苑(一期) 2室2厅 91.98平米","581","91.98"
"119","漕溪四村 1室1厅 39.7平米","300","39.7"
"44","绿地香颂(浦东)(公寓) 3室2厅 87.91平米","439","87.91"
"173","日晖二村 1室1厅 50.32平米","236","50.32"
"17","番南小区 1室1厅 37.5平米","370","37.5"
"44","真光七街坊 1室1厅 47.22平米","230","47.22"
"78","陆家浜大楼 2室0厅 55.27平米","485","55.27"
"30","西木小区 2室0厅 53.77平米","360","53.77"
"76","番禺小区 1室1厅 40.18平米","275","40.18"
"45","潍坊五村 2室0厅 52.53平米","355","52.53"
"143","三林世博家园(大道站路94弄) 3室2厅 113.37平米","507","113.37"
"143","新时代富嘉花园 3室2厅 138.7平米","1018","138.7"
"140","协和小区(协和路699弄) 2室1厅 57.33平米","309","57.33"
"13","岭南路270弄 2室1厅 47.48平米","210","47.48"
"137","浦江世博家园七街坊 2室2厅 80.59平米","330","80.59"
"50","罗阳一村 1室1厅 53.19平米","221","53.19"
"407","绿波城 3室2厅 125.37平米","477","125.37"
"25","中怡家园 2室1厅 77.95平米","280","77.95"
"126","汇成五村 1室1厅 38.6平米","233","38.6"
"39","馨佳园(菊泉街1398弄) 2室2厅 77.48平米","270","77.48"
"14","金顺佳苑 2室1厅 76.5平米","182","76.5"
"186","航华一村 2室1厅 65.09平米","263","65.09"
"31","广达新苑 2室2厅 85.07平米","370","85.07"
"5","东兰小区 2室1厅 57.77平米","309","57.77"
"64","巴黎之春 5室3厅 236.08平米","1060","236.08"
"65","新乐雅苑 3室2厅 121平米","298","121"
"149","延吉东路82弄 1室1厅 31.41平米","149","31.41"
"52","兴荣苑 2室2厅 74.51平米","403","74.51"
"127","延铁小区 2室1厅 61.47平米","359","61.47"
"58","龙湖紫都城 2室2厅 79.92平米","300","79.92"
"66","管弄三街坊 2室1厅 59.64平米","319","59.64"
"120","齐友佳苑 2室2厅 80.69平米","328","80.69"
"43","中铁逸都 3室2厅 102.46平米","338","102.46"
"37","怡田小区 3室1厅 65.9平米","208","65.9"
"15","新城盛景园 3室2厅 88.87平米","330","88.87"
"53","李园一村 2室1厅 56.44平米","150","56.44"
"18","阳光城新界 2室2厅 80.84平米","314","80.84"
"216","巨峰家苑(公寓) 2室2厅 101.97平米","530","101.97"
"134","仙逸小区 2室1厅 48.94平米","298","48.94"
"43","爱博五村 2室2厅 85.01平米","373","85.01"
"257","龙湖郦城 2室2厅 92.48平米","375","92.48"
"7","德盈佳园 3室2厅 141平米","255","141"
"156","兰城小区 2室1厅 62.7平米","315","62.7"
"78","古美八村 3室1厅 78.18平米","408","78.18"
"94","金杨新村五街坊 2室1厅 60.43平米","275","60.43"
"10","潼港六村 2室1厅 80.95平米","285","80.95"
"520","明天华城 2室2厅 97平米","429","97"
"8","两河流域 4室3厅 244.59平米","1060","244.59"
"6","银都新村(8至10区) 2室1厅 56.22平米","230","56.22"
"148","绿地东上海二期 2室2厅 103.96平米","484","103.96"
"39","石化四村 1室1厅 31.92平米","47","31.92"
"86","海尚康庭 2室2厅 74.09平米","253","74.09"
"550","石化十村 2室1厅 46平米","62","46"
"71","唐丰苑 2室1厅 82.14平米","360","82.14"
"5","潼港一村 2室1厅 66.7平米","202","66.7"
"19","罗阳四村 2室1厅 60.59平米","278","60.59"
"142","银丰苑 1室1厅 55平米","209","55"
"13","海棠馨苑 2室1厅 67.12平米","212","67.12"
"15","西郊九韵城 2室2厅 74.12平米","280","74.12"
"135","浦江东旭公寓(669弄1-109号) 2室2厅 77.11平米","375","77.11"
"159","虹鹿花苑 2室1厅 80.1平米","379","80.1"
"38","仁和花苑 2室1厅 104.38平米","564","104.38"
"141","新高苑(三期) 2室2厅 83.38平米","394","83.38"
"62","古北新城 2室2厅 94.46平米","512","94.46"
"10","凌港城 2室2厅 85.52平米","225","85.52"
"170","金钻苑南区 2室2厅 81.3平米","293","81.3"
"9","和源馨苑 2室2厅 91.96平米","655","91.96"
"154","康桥月苑 2室2厅 72.27平米","258","72.27"
"64","香山新村西南街坊 2室0厅 45.85平米","248","45.85"
"36","三兴大楼 1室1厅 55.09平米","380","55.09"
"190","双秀西园 3室2厅 104.34平米","400","104.34"
"23","金塔新村 3室1厅 70.56平米","212","70.56"
"205","欧风家园 2室1厅 63.18平米","217","63.18"
"92","水闸小区 2室1厅 64平米","160","64"
"556","益民公寓 2室1厅 83.71平米","530","83.71"
"58","兴欣花苑 3室2厅 141.13平米","290","141.13"
"126","上大聚丰园 2室2厅 93.2平米","385","93.2"
"3","保利叶上海(一期) 2室2厅 80.04平米","380","80.04"
"30","绿地东海岸时尚广场 4房间1卫 58.22平米","129","58.22"
"92","嘉宝都市港湾 2室2厅 93.59平米","545","93.59"
"15","中环家园 2室2厅 104.4平米","630","104.4"
"83","申泉小区 2室1厅 50平米","318","50"
"18","丰庄十四街坊 2室1厅 61.12平米","279","61.12"
"11","大华二村 2室1厅 66.48平米","315","66.48"
"187","瑞虹新城二期(优贤生活) 3室2厅 147.89平米","1175","147.89"
"367","黄浦花园 2室1厅 76.51平米","303","76.51"
"193","市京一村 2室1厅 60.27平米","307","60.27"
"137","广中扩大小区 1室1厅 30.25平米","147","30.25"
"16","川杨新苑(二期) 2室2厅 87.2平米","386","87.2"
"54","阳景小区 1室0厅 34.71平米","132","34.71"
"20","园西二居 2室1厅 53平米","208","53"
"7","红旗小区 2室1厅 49.94平米","148","49.94"
"162","上海春城 2室2厅 99.05平米","528","99.05"
"103","财大小区 2室0厅 46.13平米","230","46.13"
"9","宝钢二村 2室1厅 50.63平米","207","50.63"
"582","罗山三村 2室1厅 49.4平米","230","49.4"
"9","公交新村 2室2厅 70.05平米","500","70.05"
"88","南杨小区(长清路) 1室1厅 38.86平米","196","38.86"
"153","流晶逸彩 4室2厅 147.06平米","765","147.06"
"37","港驳小区 1室1厅 42.44平米","235","42.44"
"8","密云小区 1室1厅 52平米","398","52"
"117","杉林新月环林东路879弄 2室1厅 73.49平米","360","73.49"
"59","翰锦苑 3室1厅 115.11平米","696","115.11"
"37","密云小区 2室1厅 62.37平米","450","62.37"
"8","柳博小区(博二小区) 2室1厅 61.45平米","333","61.45"
"3","华清名苑 3室2厅 131.41平米","815","131.41"
"8","密二小区 2室1厅 51.64平米","330","51.64"
"1","地杰国际城F欧香四季 车位","29","33.67"
"43","延吉一村 3室1厅 43.78平米","283","43.78"
"7","凉城路1201弄 2室1厅 46.3平米","220","46.3"
"49","祁连四村 2室2厅 82.92平米","359","82.92"
"25","慧华苑 2室2厅 85.83平米","323","85.83"
"76","川沙路5245弄 2室1厅 71.4平米","249","71.4"
"12","灵新小区 1室0厅 31.92平米","169","31.92"
"49","久耕小区 1室1厅 30.47平米","202","30.47"
"19","西镇小区(浦东) 2室1厅 54.05平米","394","54.05"
"70","爱庐世纪新苑 2室2厅 82.69平米","316","82.69"
"19","乾溪新村 1室1厅 41.02平米","167","41.02"
"78","潍坊六村 2室1厅 46.81平米","405","46.81"
"20","塘泾北苑 1室2厅 66.06平米","233","66.06"
"257","雍华府(公寓) 1室1厅 59.23平米","272","59.23"
"24","潍坊六村 1室1厅 38.08平米","355","38.08"
"80","世茂滨江花园 4室2厅 283.48平米","3050","283.48"
"72","爱建小区 3室1厅 76平米","445","76"
"9","安东小区 1室0厅 35.38平米","212","35.38"
"23","中远两湾城 3室2厅 131.1平米","762","131.1"
"513","云帆名苑 1室1厅 48.3平米","92","48.3"
"93","凌云新村 1室1厅 49.53平米","215","49.53"
"86","华建一街坊 2室1厅 71.09平米","303","71.09"
"7","舜峰家苑 1室1厅 56.25平米","202","56.25"
"51","东港花苑三村 2室2厅 82.89平米","190","82.89"
"1","三花现代城(二期香梅苑) 3室2厅 138.25平米","765","138.25"
"4","长桥一村 2室1厅 60.96平米","425","60.96"
"38","鹏润伊顿公馆 2室2厅 87.09平米","271","87.09"
"37","新梅花苑 2室1厅 76.77平米","315","76.77"
"489","红光花苑 4室2厅 111.12平米","271","111.12"
"8","光华园 2室1厅 59.6平米","475","59.6"
"8","万业紫辰苑 2室2厅 85.56平米","307","85.56"
"9","康乐小区(徐汇) 2室1厅 52.01平米","355","52.01"
"302","虹景苑 2室1厅 62.26平米","233","62.26"
"48","常兴家园 1室1厅 52.58平米","306","52.58"
"18","远洋香奈 2室1厅 67.35平米","685","67.35"
"12","斜土路2200弄 2室1厅 59.42平米","420","59.42"
"82","田林六村 2室1厅 41.36平米","223","41.36"
"48","宜山路701弄 2室1厅 50.18平米","265","50.18"
"17","丹桂佳苑 1室1厅 54.53平米","140","54.53"
"33","桂康小区 1室1厅 35.34平米","283","35.34"
"135","妙境二村 3室2厅 103.4平米","320","103.4"
"2","听潮五村 2室2厅 64.04平米","152","64.04"
"212","千汇苑 3室2厅 104.66平米","279","104.66"
"3","保利叶上海(一期) 3室2厅 88.21平米","445","88.21"
"14","佳伟景苑 2室1厅 76.12平米","275","76.12"
"116","中大九里德(公寓) 3室2厅 92.13平米","346","92.13"
"19","丰舍西苑 2室1厅 71.07平米","297","71.07"
"7","丽泽菊清苑 2室2厅 81.98平米","172","81.98"
"77","嘉城香馥湾 4室2厅 87.22平米","495","87.22"
"46","欣兰苑 3室2厅 105平米","220","105"
"173","富友嘉园 1室1厅 57.54平米","218","57.54"
"3","绿地新江桥城 1室2厅 61.23平米","240","61.23"
"71","金地褐石苑 3室2厅 83.67平米","359","83.67"
"387","南京西路公馆 1室2厅 81.86平米","667","81.86"
"41","御上海 2室1厅 65.62平米","270","65.62"
"72","晓园 4室2厅 211.35平米","1858","211.35"
"41","上海壹街区 2室2厅 90.11平米","938","90.11"
"19","逸庭苑 2室1厅 74.33平米","258","74.33"
"21","东园一村 1室1厅 41平米","354","41"
"436","丰庄十二街坊 2室1厅 71.85平米","297","71.85"
"177","恒大小区 2室1厅 62.28平米","327","62.28"
"98","古美小区 1室1厅 42.1平米","209","42.1"
"71","古美四村 2室2厅 63.62平米","332","63.62"
"165","共富二村 2室1厅 77.14平米","263","77.14"
"71","祁连四村 3室1厅 94.26平米","368","94.26"
"95","塘和家园德悦苑 1室1厅 48平米","121","48"
"10","源城锦翠苑 2室1厅 57.28平米","325","57.28"
"204","宛南六村 2室0厅 50.44平米","445","50.44"
"53","兰园小区 3室1厅 60.93平米","382","60.93"
"143","金杨新村三街坊 2室1厅 59.5平米","305","59.5"
"8","底特律财富天地 3房间1卫 60.38平米","75","60.38"
"125","上钢八九村 2室1厅 52.7平米","251","52.7"
"12","塘东小区 2室1厅 59.71平米","385","59.71"
"114","建国大厦 2室1厅 86.67平米","630","86.67"
"18","上南五村 1室1厅 34.39平米","208","34.39"
"130","久安小区 1室1厅 40.42平米","503","40.42"
"26","东安二村 2室1厅 68.68平米","429","68.68"
"84","东昌新村 1室1厅 39.16平米","320","39.16"
"170","润地华庭 2室2厅 108.95平米","970","108.95"
"59","济阳二村 2室1厅 66.64平米","350","66.64"
"87","共富一村 1室1厅 51.04平米","177","51.04"
"377","上钢八九村 1室1厅 38.37平米","183","38.37"
"9","上工新村 2室1厅 43.2平米","322","43.2"
"7","临沂大楼 2室1厅 61.77平米","350","61.77"
"9","梅林小区 1室0厅 32.68平米","159","32.68"
"36","清涧七街坊 1室1厅 49.16平米","205","49.16"
"71","曹杨六村(沙溪园) 1室0厅 36.25平米","182","36.25"
"114","祥和花园 2室1厅 56.65平米","146","56.65"
"75","欧风家园 1室1厅 54.05平米","185","54.05"
"302","上海阳城 1室1厅 49.6平米","294","49.6"
"39","朱行四村 1室1厅 45.66平米","233","45.66"
"19","桃园小区(嘉定) 2室1厅 55.81平米","154","55.81"
"99","新宁小区 1室2厅 47.21平米","222","47.21"
"182","瑞和苑 2室1厅 75平米","230","75"
"22","汝南街小区 2室1厅 77.08平米","498","77.08"
"36","上南十村 1室1厅 42.79平米","215","42.79"
"662","白洋苑 2室2厅 89平米","248","89"
"30","古桐四村 3室2厅 113.03平米","522","113.03"
"141","中大九里德(公寓) 3室2厅 89.21平米","341","89.21"
"48","新梅共和城 3室2厅 122.77平米","897","122.77"
"39","育秀九区 3室1厅 94.71平米","180","94.71"
"140","鹏海小区 2室2厅 71.88平米","313","71.88"
"245","芳华路580弄 2室1厅 70.2平米","333","70.2"
"7","古美西路420弄 2室1厅 74.23平米","405","74.23"
"234","金杨新村九街坊 3室1厅 74.68平米","325","74.68"
"16","金硕河畔景园南区 1室1厅 55.43平米","165","55.43"
"47","大宁金茂府 3室2厅 127.95平米","1322","127.95"
"89","贝港三区 2室1厅 72.12平米","152","72.12"
"54","沈默花苑 3室2厅 131.13平米","516","131.13"
"7","永和三村 2室1厅 62.09平米","333","62.09"
"99","杜鹃园 2室1厅 63.39平米","447","63.39"
"135","金祥苑 2室1厅 72.8平米","540","72.8"
"219","秋月枫舍 1室1厅 66.54平米","555","66.54"
"199","平型关路615弄 2室1厅 58.63平米","410","58.63"
"36","柳营路319弄 1室1厅 33.48平米","158","33.48"
"285","新梅共和城 3室2厅 127.65平米","865","127.65"
"111","莘浜路157弄 1室1厅 43.13平米","195","43.13"
"30","兰花小区 2室1厅 63.39平米","430","63.39"
"5","星丰苑 2室1厅 66.23平米","273","66.23"
"65","富林苑(三期) 2室2厅 77.75平米","335","77.75"
"170","银都新村(1至7区) 2室1厅 56.65平米","245","56.65"
"13","雍华府(公寓) 2室2厅 74.46平米","356","74.46"
"76","白雪公主 2室2厅 91.58平米","570","91.58"
"87","枫桦景苑 2室2厅 95.64平米","362","95.64"
"133","瑞和锦庭-西区 1室1厅 59.74平米","168","59.74"
"48","新泾七村 2室0厅 45.77平米","244","45.77"
"31","紫翠苑 2室2厅 80.85平米","333","80.85"
"164","旭辉玫瑰湾 3室1厅 90.07平米","295","90.07"
"49","新城盛景园 3室1厅 89.17平米","337","89.17"
"19","毕加索小镇(一期)(公寓) 2室2厅 93.09平米","500","93.09"
"76","保利金爵公寓 3室2厅 108.53平米","583","108.53"
"98","西凌新邨 1室1厅 39.21平米","282","39.21"
"18","聚缘北庭 2室1厅 73.47平米","216","73.47"
"213","新凤城 1室1厅 54.64平米","442","54.64"
"37","浦江世博家园四街坊 2室2厅 79.47平米","358","79.47"
"94","甘泉一村 1室1厅 37.95平米","183","37.95"
"113","光华坊 1室1厅 25.41平米","150","25.41"
"73","新凯二期 3室2厅 88.75平米","319","88.75"
"47","番南小区 1室1厅 37.69平米","405","37.69"
"179","新梅绿岛苑 2室2厅 82平米","428","82"
"160","中环和润苑 2室1厅 68.24平米","430","68.24"
"208","中星虹漕公寓 3室2厅 135.15平米","905","135.15"
"15","凤庆小区 2室1厅 50.75平米","147","50.75"
"123","金中苑 3室2厅 102.13平米","828","102.13"
"429","斜土新村 1室0厅 43.2平米","323","43.2"
"667","中福大厦 2房间1卫 38.6平米","170","38.6"
"49","曼克顿豪庭 3室2厅 154.6平米","1360","154.6"
"39","桥一小区 1室1厅 32.07平米","236","32.07"
"16","上大聚丰园 3室2厅 106.59平米","448","106.59"
"19","万科翡翠滨江(一期) 5室3厅 353.83平米","3799","353.83"
"177","馨佳园(菊泉街1398弄) 2室1厅 78.57平米","265","78.57"
"29","馨佳园(韶山路348弄) 2室1厅 76.92平米","286","76.92"
"16","九城湖滨国际 2室2厅 95.05平米","405","95.05"
"23","大华二村 2室1厅 61.93平米","290","61.93"
"39","绿庭尚城 2室2厅 103.45平米","371","103.45"
"432","凤城二村 1室1厅 36.45平米","151","36.45"
"36","水语人家南苑 1室1厅 56平米","180","56"
"47","密云小区 2室1厅 55.61平米","478","55.61"
"129","华沁家园 2室2厅 89.43平米","508","89.43"
"13","复兴苑 2室2厅 110.12平米","992","110.12"
"271","人乐三村 2室1厅 78.35平米","218","78.35"
"37","曹杨花苑 2室1厅 72.52平米","368","72.52"
"32","牡丹小区(浦东) 2室1厅 73.34平米","500","73.34"
"163","华云大楼 1室1厅 45.75平米","258","45.75"
"53","永和二村 2室1厅 52.45平米","262","52.45"
"16","通汇公寓 2室1厅 120.41平米","865","120.41"
"135","金泉苑(闵行) 4室2厅 254.74平米","839","254.74"
"63","长青坊 3室1厅 55.57平米","361","55.57"
"129","美林小城 2室2厅 90.11平米","389","90.11"
"24","绿洲康城亲水湾(中央区) 2室2厅 106.22平米","505","106.22"
"64","紫竹苑(奉贤) 2室1厅 77平米","179","77"
"14","田林十二村 2室0厅 50.13平米","400","50.13"
"137","浦江馨都 2室1厅 76平米","244","76"
"29","陇南小区 1室1厅 47.64平米","207","47.64"
"107","丹桂佳苑 2室2厅 81.32平米","178","81.32"
"28","闸园新村 2室1厅 74.07平米","150","74.07"
"15","梅陇三村 2室1厅 57.6平米","314","57.6"
"8","银河新都 2室1厅 67.28平米","284","67.28"
"10","地铁明珠苑 3室2厅 130平米","702","130"
"4","万源城尚郡 3室2厅 90.47平米","765","90.47"
"73","东方曼哈顿 3室2厅 143.78平米","1530","143.78"
"22","南苑五村 2室1厅 72.3平米","165","72.3"
"179","市光三村 2室1厅 47.58平米","217","47.58"
"32","清涧三街坊 2室1厅 79.42平米","342","79.42"
"118","航华一村 2室1厅 58.98平米","217","58.98"
"324","桃浦七村雪松苑 1室1厅 43.12平米","145","43.12"
"32","龙南三四村 2室1厅 68.06平米","325","68.06"
"22","漕河景苑 2室2厅 110.53平米","1145","110.53"
"43","春天花园 4室2厅 201.26平米","1585","201.26"
"151","路劲上海派 3室2厅 91平米","280","91"
"18","桂康小区 2室0厅 47.81平米","369","47.81"
"492","海滨三村 1室1厅 34.11平米","118","34.11"
"20","朱家滩小区 1室0厅 33.08平米","425","33.08"
"6","欣佳宝邸(北区) 1室1厅 57.32平米","182","57.32"
"81","瑞和华苑南区 2室2厅 80.02平米","209","80.02"
"48","绿洲康城亲水湾(中央区) 2室2厅 106.2平米","510","106.2"
"212","南江苑 3室2厅 122.56平米","515","122.56"
"55","潍坊六村 1室1厅 36.8平米","374","36.8"
"19","浦江宝邸 3室2厅 131.56平米","384","131.56"
"99","齐七小区 2室1厅 57.2平米","326","57.2"
"109","锦绣满堂花园 1室1厅 56.41平米","461","56.41"
"39","高行绿洲(六期) 2室1厅 74.14平米","310","74.14"
"5","金杨新村三街坊 1室1厅 42.71平米","215","42.71"
"107","南新一村(下南路161弄) 3室1厅 81.68平米","333","81.68"
"96","贝尔新村 2室1厅 63.55平米","290","63.55"
"548","香山新村东南街坊 2室1厅 59.7平米","257","59.7"
"165","南新二村 2室1厅 72.94平米","297","72.94"
"141","复旦教师公寓 1室1厅 38.91平米","228","38.91"
"71","金杨新村十街坊 3室1厅 73.05平米","385","73.05"
"23","交通公寓 1室1厅 44.64平米","280","44.64"
"131","龙南五村 1室1厅 55.14平米","275","55.14"
"13","恒大小区 2室2厅 72.91平米","412","72.91"
"92","同润加州(公寓) 2室2厅 95.33平米","365","95.33"
"68","兰花新村 2室1厅 48.7平米","278","48.7"
"116","陇南小区 1室1厅 50.7平米","207","50.7"
"97","奥林匹克花园 1室2厅 67.34平米","273","67.34"
"107","泗塘二村 2室0厅 47.36平米","215","47.36"
"59","九龙仓兰廷 3室1厅 91平米","506","91"
"24","达城家园 1室1厅 56.38平米","196","56.38"
"88","绿茵苑(浦东) 2室1厅 72.31平米","366","72.31"
"16","齐二小区 2室1厅 76.37平米","373","76.37"
"23","银南大厦 3室1厅 84.96平米","615","84.96"
"19","锦鸿公寓 2室2厅 95.13平米","363","95.13"
"60","塘东小区 2室1厅 52.75平米","323","52.75"
"13","小富人家 3室2厅 104.7平米","500","104.7"
"114","大华一村 1室1厅 40.51平米","198","40.51"
"19","丰庄十二街坊 2室0厅 54.45平米","245","54.45"
"205","大华三村二街坊 2室1厅 66.18平米","317","66.18"
"6","薛家宅小区 2室1厅 45.33平米","327","45.33"
"23","中远两湾城 1室2厅 62.36平米","512","62.36"
"2","梅园四街坊 2室1厅 49.46平米","527","49.46"
"196","同济新村 2室0厅 41.22平米","305","41.22"
"112","叶城二街坊 2室1厅 94.74平米","249","94.74"
"37","三江小区 2室1厅 64.56平米","490","64.56"
"197","真光新村第五小区 2室1厅 67.83平米","330","67.83"
"89","清涧二街坊 2室1厅 62.69平米","282","62.69"
"912","桐柏公寓 3室2厅 148.83平米","1000","148.83"
"3","延吉四村 1室1厅 34.76平米","212","34.76"
"243","振华大楼 2室1厅 73.89平米","586","73.89"
"129","万春小区 2室1厅 51.77平米","490","51.77"
"37","南丹小区 1室0厅 22.7平米","323","22.7"
"18","鸿宝一村(北区) 2室1厅 70.72平米","145","70.72"
"250","新中源大楼 1室1厅 45.34平米","235","45.34"
"324","广汇花苑 3室2厅 136.7平米","772","136.7"
"65","馨宁公寓 2室1厅 61.7平米","355","61.7"
"75","普乐三村 1室1厅 48.7平米","206","48.7"
"6","三阳小区 2室1厅 55.13平米","293","55.13"
"57","永和一村 2室1厅 73.35平米","310","73.35"
"20","中华小区 1室1厅 36.08平米","227","36.08"
"350","都汇华庭 1室1厅 45.43平米","103","45.43"
"17","浦江世博家园十街坊 2室2厅 81.36平米","350","81.36"
"144","中山北路255弄 1室0厅 25.49平米","140","25.49"
"63","何家宅小区 1室0厅 25.98平米","145","25.98"
"251","凉城路1201弄 3室1厅 70.9平米","350","70.9"
"107","民康苑 2室1厅 75.77平米","480","75.77"
"46","云台一小区 2室1厅 60.15平米","342","60.15"
"116","上城Uptown 1室2厅 52.93平米","595","52.93"
"1","慧芝湖花园 车位","40","34.97"
"56","锦西路150弄 1室0厅 30.29平米","158","30.29"
"87","鞍山四村第一小区 1室1厅 37.6平米","233","37.6"
"4","舒馨北苑 2室2厅 82.77平米","319","82.77"
"162","环镇北路323弄 1室1厅 54.83平米","190","54.83"
"61","都市宜家苑 2室2厅 84.88平米","328","84.88"
"16","公元新村 2室2厅 52.76平米","174","52.76"
"170","上虹新村 2室1厅 54.15平米","261","54.15"
"71","慧芝湖花园 3室2厅 159.33平米","1450","159.33"
"39","中远两湾城 车位","46","32.36"
"33","华骥苑 2室1厅 86.05平米","226","86.05"
"21","玉四小区 2室1厅 49.05平米","282","49.05"
"13","共康三村 2室0厅 44.26平米","181","44.26"
"57","永泰花苑 3室2厅 96平米","487","96"
"9","博学家园 2室2厅 82.36平米","524","82.36"
"6","长桥一村 1室0厅 38.78平米","340","38.78"
"9","三林世博家园(板泉路2101弄) 1室1厅 55.92平米","268","55.92"
"53","共富花园 3室2厅 92.21平米","337","92.21"
"30","新凯二期 1室1厅 47.39平米","157","47.39"
"520","新城金郡 3室2厅 126.23平米","422","126.23"
"63","鸿宝一村(北区) 3室1厅 91.67平米","192","91.67"
"56","玉兰花苑 1室1厅 64.33平米","620","64.33"
"7","浦江馨都 2室1厅 77.32平米","247","77.32"
"66","虹桥机场新村 2室1厅 56.44平米","248","56.44"
"11","金杨新村八街坊 2室1厅 72.08平米","336","72.08"
"81","上大聚丰园 3室2厅 109.03平米","442","109.03"
"433","罗阳七村(华宝小区) 3室1厅 84.88平米","333","84.88"
"290","临沂六村 1室1厅 36.86平米","177","36.86"
"116","金海岸花园 2室2厅 90平米","171","90"
"147","上海阳城 2室2厅 93.02平米","525","93.02"
"2","佳伟景苑 2室1厅 75.26平米","278","75.26"
"41","阳景小区 1室1厅 34.71平米","132","34.71"
"67","中环一号(一期) 2室2厅 93.98平米","475","93.98"
"72","曹杨九村 1室0厅 28.6平米","150","28.6"
"5","大华一村 2室1厅 69.45平米","325","69.45"
"566","翔殷四村 2室1厅 64.29平米","310","64.29"
"6","南江苑 2室1厅 67.19平米","364","67.19"
"236","蒙自路345弄 1室1厅 35.88平米","274","35.88"
"32","城市方园 2室1厅 69.81平米","321","69.81"
"672","象源丽都 2室2厅 102.56平米","594","102.56"
"64","合景峰汇(嘉定) 3房间1卫 43平米","96","43"
"82","安盛苑 2室1厅 90.09平米","335","90.09"
"119","玉兰二村 3室1厅 90.15平米","196","90.15"
"61","九城湖滨国际 3室1厅 123.9平米","505","123.9"
"48","书院一号公寓 1室1厅 65.69平米","131","65.69"
"29","新芳邻 2室1厅 86.67平米","362","86.67"
"92","惠康苑 1室1厅 58平米","152","58"
"44","潍坊四村 1室1厅 41.36平米","271","41.36"
"139","由由新景苑 2室1厅 86.67平米","480","86.67"
"132","牡丹逸庭 2室1厅 77.75平米","218","77.75"
"28","紫薇茗庭 1室1厅 50.88平米","125","50.88"
"73","新凯城银杏苑 2室1厅 72.56平米","208","72.56"
"7","古华新村 2室1厅 81.24平米","171","81.24"
"93","古华新村 3室1厅 85.91平米","155","85.91"
"40","石化二村 3室1厅 77.28平米","82","77.28"
"90","新安小区 3室1厅 71.02平米","432","71.02"
"19","龙湖郦城 2室2厅 92.49平米","388","92.49"
"6","芳华苑 2室1厅 58.1平米","307","58.1"
"147","法华门大厦 2室2厅 160.6平米","760","160.6"
"62","新海小区(长宁) 1室1厅 39.23平米","368","39.23"
"102","兆丰花园 2室2厅 139.02平米","792","139.02"
"27","仁恒河滨花园 3室2厅 123.42平米","1150","123.42"
"154","思浦小区 2室0厅 53平米","260","53"
"67","万科四季花城 2室2厅 91.47平米","330","91.47"
"102","氯碱小区 1室1厅 38.63平米","110","38.63"
"18","蔚蓝城市花园 2室2厅 103.83平米","731","103.83"
"13","园艺新村 2室1厅 68.67平米","367","68.67"
"100","虹梅路2669弄 1室1厅 36.9平米","195","36.9"
"58","虹桥晶典苑 3室2厅 158.3平米","855","158.3"
"34","绿海家园 2室2厅 88.76平米","305","88.76"
"85","静安枫景苑 3室2厅 130.63平米","1340","130.63"
"57","金沙雅苑(三期) 3室2厅 116.95平米","760","116.95"
"191","虹田苑 3室2厅 132.3平米","900","132.3"
"9","荡湾新村 3室1厅 61.07平米","137","61.07"
"44","新川苑 1室1厅 65.78平米","220","65.78"
"67","漕溪四村 2室2厅 57.45平米","389","57.45"
"50","大同花园南区 3室2厅 154.68平米","1215","154.68"
"22","泰燕华庭 2室2厅 100.74平米","258","100.74"
"172","龙源星城 1室1厅 44.39平米","67","44.39"
"105","柳博小区(博二小区) 2室1厅 68.89平米","338","68.89"
